Title,Link
Home,index.php
About,#
President's Message,presidents-message.php
Principal's Desk,principals-desk.php
Governing Body (GB) & CDC,governing.php
About SKNSCOE,About-us.php
Governance & Policies,governance.php
Committees,Committees.php
Study In INDIA,https://forms.gle/U6F1jYTK314mgDza7
Code of Conduct,downloads/Code-of-Conduct-SKNSCOE-PANDHARPUR.pdf
Institution's Innovation Council,iic-new.php
Programs,programs.php
Facilities,facilities.php
EDC Cell,edc-cell.php
NISP,nisp.php
Admission,Admission.php
Departments,#
Civil Engineering,Civil.php
Computer Science and Engineering,ComputerScience.php
Electrical Engineering,Electrical.php
Electronics and Telecommunication Engineering,e&tc.php
Mechanical Engineering,Mechanical.php
First Year B.Tech.,fe.php
NAAC,#
Institute Best Practice,BestPractices.php
Institutional Distinctiveness,InstituteDistinctivenes.php
IQAC,IQAC.php
Student Satisfaction Survey,studentSatisfactionSurvey.php
AQAR Report,AQAR.php
Self Study Report (SSR),ssr.php
NIRF,nirf.php
Library,#
Library Services,Library.php
Library WEBOPAC,http://library.sinhgad.edu/cgi-bin/koha/opac-main.pl
Students,#
Academic Calendar,academicCalendar.php
Alumni,Alumni.php
MOODLE Server,http://103.99.146.35/
Syllabus,Syllabus.php
Feedback,#
Curriculum,curriculum.php
Academic Performance & Ambiance,academic_performance_ambience.php
Research,#
Research & Development,Research.php
AICTE-Idea Lab,aicte-idealab.php
Placements,Placements.php
Gallery,hogallery.php
Contact Us,contact-us.php
"SKN Sinhgad College of Engineering, Pandharpur",
• Book of Principal Dr. Kailash J. Karande published by Bentham Science Publisher,https://www.eurekaselect.com/ebook_volume/3737/
"• Springer Scopus Indexed 2nd International Conference on Sustainable Innovations in Civil and Mechanical Engineering (ICSICME-2025) on June 27-28, 2025",https://www.icsicme.com
"• 3rd International Conference on Intelligent Systems & Machine Intelligence (ICISMI) on August 22nd & 23rd, 2025",https://icismi.sknscoe.ac.in//
"• 2nd Aditya-The Solar Mania, 2K25 from March 13th to 16th, 2025",https://aditya.sknscoe.ac.in/
"• Institute recognized as a 'Band Performer Institute' in the 'Atal Ranking of Institutions on Innovation Achievements (ARIIA)' for 2021, as declared by the Ministry of Education, Government of India.",
• Institute received a 4-star rating from the Ministry of Education's Innovation Cell and AICTE for its excellent performance in innovation activities in 2023-24.,downloads/IIC/Certificates/4_Rating%20Certificate_2023-24.pdf
Read More,presidents-message.php
Read More,principals-desk.php
"SKN Sinhgad College of Engineering Organizes""Alumini Meet-2023""Event for 2014 to 2022 Batch Alumni are requested to visit this link and register your name on 09th April, 2023",https://forms.gle/bErwWyti8viXtirAA
"International Conference inInnovations in Artificial Intelligence and Machine Learning(ICIAIML)-2022 at The Ambassador Hotel Bangkok on August, 2022",./Event/skn-iciaiml-conference-broucher-final-2022.pdf
"SKNSCOE, Pandharpur Department of Computer Science & Engineering Organizes""HACKATHON-2023""Event on 26th-27th May, 2023",/Event/HACKTHON-2K23.jpg
"SKNSCOE, Pandharpur organized VirtualState Level ""IDEATHON"" Eventon 05 January, 2022",
"""International Conference on Material, Energy and Environment for Sustainable Development (ICMEESD-2022)""on 08-01-2022",http://www.globalresearchconference.com
"""International Conference on Intelligent Computing in Information Technology for Engineering System (ICICITES-2021)""on 25-26 June, 2021",http://icicites.sknscoe.ac.in
"SKN Sinhgad College of Engineering (SKNSCOE), Korti, Pandharpur.Organises A National Level Technical FestivalSPECTRUM 2K22on8th October 2022",Event/2022-23/spectrum-2k22.jpg
"Department of Computer Science and Engineering Organizes""HACKATHON 2K23""on 15th and 16th Sept, 2023",./Event/Hackathon-2K23.jpg
"SKN Sinhgad College of Engineering (SKNSCOE), Korti, Pandharpur.Organises A National Level Technical FestivalSPECTRUM 2K23on30th September 2023",http://spectrum2k23.sknscoe.ac.in/
"Department of Computer Science and Engineering Organizes""HACKATHON 2K24""on 15th and 16th March, 2024",./Event/cse/Hackathon-2K24.jpg
"SKNSCOE, Pandharpur organized Virtual""WEENGS-2K24""on 06 April, 2024",Event/WEENGS 2K24.jpg
"SKNSCOE, Pandharpur organized""SPECTRUM-2K24""on 24 August, 2024",Event/SPECTRUM-2K24.jpg
"Department of Civil Engineering organizes aOne-Week Faculty Development Programon “ETABS Software” from 4th to 8th December, 2024",Event/civil/ETABS-SOFTWARE-FDP-Broucher-CIvil.pdf
"Department of Civil and Mechanical Engineering organizes a2nd International Conference on Sustainable Innovations in Mechanical & Civil Engineering (ICSICME-2025)on 27-28 June, 2025",https://www.icsicme.com/
"SKN Sinhgad College of Engineering (SKNSCOE), Korti, Pandharpur.Organises A National Level Technical FestivalSPECTRUM 2K25on13th September 2025",Event/SPECTRUM-2K25.jpg
"Department of Computer Science and Engineering and Electronics and Telecommunication Engineering organizes aInternational Conference on Intelligent Computing and Vision Technologies (ICICVT)-2025on 12-13 Dec., 2025",https://icicvt.sknscoe.ac.in/
"Department of Computer Science & Engineering, in association with C-DAC Pune and Walchand College of Engineering, Sangli (NSM Nodal Centre), announces aOne-Week FDP on High Performance Computing and AIunder the aegis of the National Supercomputing Mission (NSM), Government of India, from 17–21 Nov 2025 (Offline) & 6 Dec 2025 (Online)",Event/cse/FDP-High Performance Computing and AI.pdf
Read More,notices.php
National Board of Accreditation (NBA) Letter,./downloads/institute/National-Board-of-Accreditation-(NBA)-Letter.pdf
List of Committee's,committee/Committee List – AY 2025–26.pdf
University Circulars,https://sknscoe.ac.in/university-circular.php
Letter of Approval (LOA),/EOA/Letter-of-Approval.pdf
Extension of Approval (EOA),/EOA/Extenssion-of-Approval-2025-26.pdf
University Affiliation Letter,/EOA/University-Affiliation-Letter.pdf
Internal Complaint Committee (ICC),internal_complaint_committee.php
SC/ST Cell,scstobccell.php
Grievance Redressal Cell,grivenancecell.php
Anti Ragigging Cell,anti_ragigging.php
Anti Ragigging,nrpp.php
Savitribai Girls Forum Committee,/committee/SPGF.pdf
Certificate of Accreditation(NAAC),downloads/NAAC Certificate_Second Cycle.pdf
UGC Recognition 2F,downloads/2018-19/UGC_Recognition_under_section_2f.pdf
UGC Recognition 12B,downloads/2020-21/UGC_Recognition_12B_Ugc_Act_FEB_2021.pdf
AISHE Certificate,downloads/AISHE-Certificate.pdf
Student Satisfaction Survey,https://forms.gle/CP3aLWwQyu3zErHb8
Vidya Lakshmi,https://www.vidyalakshmi.co.in/Students/
IIT Remote Center,iitrc.php
"Department of Computer Science & Engineering, in association with C-DAC Pune and Walchand College of Engineering, Sangli (NSM Nodal Centre), announces aOne-Week FDP on High Performance Computing and AIunder the aegis of the National Supercomputing Mission (NSM), Government of India, from 17–21 Nov 2025 (Offline) & 6 Dec 2025 (Online)",Event/cse/FDP-High Performance Computing and AI.pdf
"SKN Sinhgad College of Engineering, Pandhapur. in association with All India Council for Technical Education Organizing one Week FDP On“Smart and Sustainable Manufacturing in Industry  4.0/5.0: Challenges and Opportunities”on 15-12-2025 to 20-12-2025",downloads/workshop-seminar/FDP Brochure.pdf
"Computer Science and Engineering Dept. in association with P. A. H. Solapur University, Solapur Organized One Day Workshop On“Cyber Forensics Tools & Techniques”on 17-03-2023",downloads/workshop-seminar/Cyber Forensics Tools & Techniques.pdf
"Electronics and Tele. Communication Engineering Dept. Organized Webinar on ""Data Science and it's Applications""on 15-01-2022",https://drive.google.com/file/d/1wiW3yex7WpVtisnFIbjZ6FYbQq79jyy3/view?usp=sharing
"Electronics & Telecommunication Engineering Dept. Organized Webinar on ""Full Stack Development Technology and Implementation""on 14-01-2022",downloads/Activity webinar_fullstack_development 14-01-2022.pdf
"Computer Science and Engineering Dept. Organized ""A Webniar on Angular JS""on 11-01-2022",https://docs.google.com/document/d/1Tk2q1U-ROeWiUwFRtuLgZTAeV7vpidZA/edit?usp=sharing&ouid=108605596216072436997&rtpof=true&sd=true
IIT Workshop Conducted,downloads/iitrc/National Mission on Education through ICT.pdf
"Online ""IPR Workshop-Patents,Designs""on 22-12-2021",#
"One Week FDP On""Outcome based Pedagogy for Effective Teaching and Learning in Engineering Education""on 14-18 June, 2021",downloads/FDP_Brochure_14_June_2021.pdf
"Department of Computer science and Engg. organizes one day online workshop on""Google Cloud Certification""on 15 May, 2021",downloads/cse/15_May.jpeg
"Department of Electrical and Mechanical organizes Two day online workshop on""Recent Trends In Electric Vehicles""on 16 to 17 April, 2021",downloads/elec/Elec.jpeg
"One Week online FDP on""Essential Mathematics for Engineers and Researchers ""from 23 Nov. To 27 Nov. 2020.",
Click here for Brochure,downloads/fe/FDP.pdf
Registration,https://forms.gle/7nbWRPCL5oqBBHP67
"Civil Engg. dept. orgnizes One Week online FDP on""QCAD and QGIS""on 22 to 26 June 2020",
"Mechanical Engg. dept. organizes Two day online workshop on""Quality Research Paper Writing,Publication and Research Methodology""on 22 to 23 June, 2020",
International Journal of Research in Computer Science and Information Technology,https://ijrcsit.sknscoe.ac.in/
Springer BJIT Paper Link 1,https://link.springer.com/article/10.1007/s41870-021-00810-y
Springer BJIT Paper Link 2,https://link.springer.com/article/10.1007/s41870-021-00847-z
CRC Press Procd,https://www.routledge.com/Intelligent-Computing-in-Information-Technology-for-Engineering-System/Karande-Deshmukh-Mahalle/p/book/9781032270807 
"Thin Film Nanomaterials: Synthesis, Properties and Innovative Energy Applications",https://www.eurekaselect.com/ebook_volume/3737
Journal of Nano- and Electronic Physics (JNEP) Link 1,https://jnep.sumdu.edu.ua/en/component/content/full_article/3005
Journal of Nano- and Electronic Physics (JNEP) Link 2,https://jnep.sumdu.edu.ua/en/component/archive/
IOP Materials Science and Engineering Vol. 814,https://iopscience.iop.org/issue/1757-899X/814/1
CRC Press Book,https://www.routledge.com/Artificial-Intelligence-Internet-of-Things-IoT-and-Smart-Materials-for/Kolhe-Karande-Deshmukh/p/book/9781032115023 
AIP Publishing Vol. 2494,https://aip.scitation.org/toc/apc/2494/1?size=all
Advik-2K24 College Magazine,Advik/Advik 2024.pdf
Advik-2K22 College Magazine,Advik/Advik 2022.pdf
WEENGS-2K24,Event/WEENGS 2K24.jpg
HACKATHON-2k24,./Event/cse/Hackathon-2K24.jpg
ALUMINI MEET-2024,http://sknscoe.ac.in/Alumni.php
SPECTRUM-2K25,https://spectrum.sknscoe.ac.in
CARNIVAL 2K24,events/Carnival 2k24.pdf
Sinhgad Sport-2024,events/All Sport Activity-2K22.pdf
Conference 2k22,https://iciaiml.sknscoe.ac.in/
IEI Student's Chapter for CSE Started in SKNSCOE,Event/cse/020217/Opening of IEI StudentsChapter_CSE.pdf
For More Videos Click Here,hogallery.php
Read More,new-Image.php
Academic Calendar,academicCalendar.php
Anti Ragging Act,other/AICTE-Rules-Ragging.pdf
RTI Act,other/rti-act.pdf
Mandatory Disclosure,downloads/Mandatory_Disclosure_2025-26.pdf
College Brochure,/downloads/SKNSCOE-Brochure.pdf
Safety & Security of Girls & Women,other/Laingik Chal Defination & Introduction.pdf
"SKNSCOE,Pandharpur",Index.php
